<xml xmlns:o="urn:schemas-microsoft-com:office:office">
 <o:MainFile HRef="../IN0428%20ENDO%20-%20SCORE_FORECAST.htm"/>
 <o:File HRef="stylesheet.css"/>
 <o:File HRef="tabstrip.htm"/>
 <o:File HRef="sheet001.htm"/>
 <o:File HRef="image001.png"/>
 <o:File HRef="image002.png"/>
 <o:File HRef="image003.png"/>
 <o:File HRef="image004.png"/>
 <o:File HRef="image005.png"/>
 <o:File HRef="image006.png"/>
 <o:File HRef="image007.png"/>
 <o:File HRef="image008.png"/>
 <o:File HRef="image009.png"/>
 <o:File HRef="image010.png"/>
 <o:File HRef="image011.png"/>
 <o:File HRef="image012.png"/>
 <o:File HRef="image013.png"/>
 <o:File HRef="image014.png"/>
 <o:File HRef="filelist.xml"/>
</xml>