[{"RawMaterialID":"Amyl cinnamal"},{"RawMaterialID":"Benzyl salicylate"},{"RawMaterialID":"Cetearyl Alcohol"},{"RawMaterialID":"Coumarin"},{"RawMaterialID":"Dicaprylyl Carbonate"},{"RawMaterialID":"Green Tea Extract"},{"RawMaterialID":"Lauryl Laurate"},{"RawMaterialID":"Lauryl\/Myristyl Benzoate"},{"RawMaterialID":"Phenoxyethanol"},{"RawMaterialID":"Salicylic Acid"},{"RawMaterialID":"Sodium lauryl sulfate"},{"RawMaterialID":"Titanium Dioxide"},{"RawMaterialID":"Tocopherol"},{"RawMaterialID":"Xanthan gum"},{"RawMaterialID":"Zinc Oxide"}]